pctChg1,pctChg2,pctChg3,pctChg4,pctChg5,pctChg6,pctChg7,pctChg8,pctChg9,pctChg10,pctChg11,pctChg12,pctChg13,pctChg14,y
0.747,8.462,-5.077,-5.446,-2.32,-1.539,3.097,-1.514,-3.326,0.415,3.603,-1.624,1.72,-6.271,0
8.462,-5.077,-5.446,-2.32,-1.539,3.097,-1.514,-3.326,0.415,3.603,-1.624,1.72,-6.271,2.742,0
-5.077,-5.446,-2.32,-1.539,3.097,-1.514,-3.326,0.415,3.603,-1.624,1.72,-6.271,2.742,-5.157,1
-5.446,-2.32,-1.539,3.097,-1.514,-3.326,0.415,3.603,-1.624,1.72,-6.271,2.742,-5.157,1.457,0
-2.32,-1.539,3.097,-1.514,-3.326,0.415,3.603,-1.624,1.72,-6.271,2.742,-5.157,1.457,-0.907,0
-1.539,3.097,-1.514,-3.326,0.415,3.603,-1.624,1.72,-6.271,2.742,-5.157,1.457,-0.907,2.158,0
3.097,-1.514,-3.326,0.415,3.603,-1.624,1.72,-6.271,2.742,-5.157,1.457,-0.907,2.158,6.008,0
-1.514,-3.326,0.415,3.603,-1.624,1.72,-6.271,2.742,-5.157,1.457,-0.907,2.158,6.008,1.989,1
-3.326,0.415,3.603,-1.624,1.72,-6.271,2.742,-5.157,1.457,-0.907,2.158,6.008,1.989,1.008,0
0.415,3.603,-1.624,1.72,-6.271,2.742,-5.157,1.457,-0.907,2.158,6.008,1.989,1.008,-1.263,0
3.603,-1.624,1.72,-6.271,2.742,-5.157,1.457,-0.907,2.158,6.008,1.989,1.008,-1.263,-1.817,0
-1.624,1.72,-6.271,2.742,-5.157,1.457,-0.907,2.158,6.008,1.989,1.008,-1.263,-1.817,-1.338,1
1.72,-6.271,2.742,-5.157,1.457,-0.907,2.158,6.008,1.989,1.008,-1.263,-1.817,-1.338,-5.454,0
-6.271,2.742,-5.157,1.457,-0.907,2.158,6.008,1.989,1.008,-1.263,-1.817,-1.338,-5.454,-1.327,1
2.742,-5.157,1.457,-0.907,2.158,6.008,1.989,1.008,-1.263,-1.817,-1.338,-5.454,-1.327,1.161,0
-5.157,1.457,-0.907,2.158,6.008,1.989,1.008,-1.263,-1.817,-1.338,-5.454,-1.327,1.161,-2.605,1
1.457,-0.907,2.158,6.008,1.989,1.008,-1.263,-1.817,-1.338,-5.454,-1.327,1.161,-2.605,0.112,0
-0.907,2.158,6.008,1.989,1.008,-1.263,-1.817,-1.338,-5.454,-1.327,1.161,-2.605,0.112,-3.098,1
2.158,6.008,1.989,1.008,-1.263,-1.817,-1.338,-5.454,-1.327,1.161,-2.605,0.112,-3.098,-4.545,0
6.008,1.989,1.008,-1.263,-1.817,-1.338,-5.454,-1.327,1.161,-2.605,0.112,-3.098,-4.545,-2.925,1
1.989,1.008,-1.263,-1.817,-1.338,-5.454,-1.327,1.161,-2.605,0.112,-3.098,-4.545,-2.925,5.36,1
1.008,-1.263,-1.817,-1.338,-5.454,-1.327,1.161,-2.605,0.112,-3.098,-4.545,-2.925,5.36,-1.458,1
-1.263,-1.817,-1.338,-5.454,-1.327,1.161,-2.605,0.112,-3.098,-4.545,-2.925,5.36,-1.458,2.051,1
-1.817,-1.338,-5.454,-1.327,1.161,-2.605,0.112,-3.098,-4.545,-2.925,5.36,-1.458,2.051,-2.609,0
-1.338,-5.454,-1.327,1.161,-2.605,0.112,-3.098,-4.545,-2.925,5.36,-1.458,2.051,-2.609,5.169,0
-5.454,-1.327,1.161,-2.605,0.112,-3.098,-4.545,-2.925,5.36,-1.458,2.051,-2.609,5.169,5.588,0
-1.327,1.161,-2.605,0.112,-3.098,-4.545,-2.925,5.36,-1.458,2.051,-2.609,5.169,5.588,0.341,0
1.161,-2.605,0.112,-3.098,-4.545,-2.925,5.36,-1.458,2.051,-2.609,5.169,5.588,0.341,-4.999,0
-2.605,0.112,-3.098,-4.545,-2.925,5.36,-1.458,2.051,-2.609,5.169,5.588,0.341,-4.999,-4.168,1
0.112,-3.098,-4.545,-2.925,5.36,-1.458,2.051,-2.609,5.169,5.588,0.341,-4.999,-4.168,3.658,0
-3.098,-4.545,-2.925,5.36,-1.458,2.051,-2.609,5.169,5.588,0.341,-4.999,-4.168,3.658,-9.404,0
-4.545,-2.925,5.36,-1.458,2.051,-2.609,5.169,5.588,0.341,-4.999,-4.168,3.658,-9.404,1.099,0
-2.925,5.36,-1.458,2.051,-2.609,5.169,5.588,0.341,-4.999,-4.168,3.658,-9.404,1.099,-0.941,0
5.36,-1.458,2.051,-2.609,5.169,5.588,0.341,-4.999,-4.168,3.658,-9.404,1.099,-0.941,-4.049,0
-1.458,2.051,-2.609,5.169,5.588,0.341,-4.999,-4.168,3.658,-9.404,1.099,-0.941,-4.049,-4.933,1
2.051,-2.609,5.169,5.588,0.341,-4.999,-4.168,3.658,-9.404,1.099,-0.941,-4.049,-4.933,5.283,0
-2.609,5.169,5.588,0.341,-4.999,-4.168,3.658,-9.404,1.099,-0.941,-4.049,-4.933,5.283,3.983,1
5.169,5.588,0.341,-4.999,-4.168,3.658,-9.404,1.099,-0.941,-4.049,-4.933,5.283,3.983,-1.894,0
5.588,0.341,-4.999,-4.168,3.658,-9.404,1.099,-0.941,-4.049,-4.933,5.283,3.983,-1.894,5.749,1
0.341,-4.999,-4.168,3.658,-9.404,1.099,-0.941,-4.049,-4.933,5.283,3.983,-1.894,5.749,-1.47,1
-4.999,-4.168,3.658,-9.404,1.099,-0.941,-4.049,-4.933,5.283,3.983,-1.894,5.749,-1.47,-8.383,0
-4.168,3.658,-9.404,1.099,-0.941,-4.049,-4.933,5.283,3.983,-1.894,5.749,-1.47,-8.383,1.893,0
3.658,-9.404,1.099,-0.941,-4.049,-4.933,5.283,3.983,-1.894,5.749,-1.47,-8.383,1.893,-0.64,0
-9.404,1.099,-0.941,-4.049,-4.933,5.283,3.983,-1.894,5.749,-1.47,-8.383,1.893,-0.64,-3.382,1
1.099,-0.941,-4.049,-4.933,5.283,3.983,-1.894,5.749,-1.47,-8.383,1.893,-0.64,-3.382,-3.554,0
-0.941,-4.049,-4.933,5.283,3.983,-1.894,5.749,-1.47,-8.383,1.893,-0.64,-3.382,-3.554,-0.024,1
-4.049,-4.933,5.283,3.983,-1.894,5.749,-1.47,-8.383,1.893,-0.64,-3.382,-3.554,-0.024,-1.125,0
-4.933,5.283,3.983,-1.894,5.749,-1.47,-8.383,1.893,-0.64,-3.382,-3.554,-0.024,-1.125,1.951,0
5.283,3.983,-1.894,5.749,-1.47,-8.383,1.893,-0.64,-3.382,-3.554,-0.024,-1.125,1.951,-1.728,0
3.983,-1.894,5.749,-1.47,-8.383,1.893,-0.64,-3.382,-3.554,-0.024,-1.125,1.951,-1.728,0.749,1
-1.894,5.749,-1.47,-8.383,1.893,-0.64,-3.382,-3.554,-0.024,-1.125,1.951,-1.728,0.749,2.287,1
5.749,-1.47,-8.383,1.893,-0.64,-3.382,-3.554,-0.024,-1.125,1.951,-1.728,0.749,2.287,-0.049,0
-1.47,-8.383,1.893,-0.64,-3.382,-3.554,-0.024,-1.125,1.951,-1.728,0.749,2.287,-0.049,2.331,1
-8.383,1.893,-0.64,-3.382,-3.554,-0.024,-1.125,1.951,-1.728,0.749,2.287,-0.049,2.331,-1.141,0
1.893,-0.64,-3.382,-3.554,-0.024,-1.125,1.951,-1.728,0.749,2.287,-0.049,2.331,-1.141,-0.436,0
-0.64,-3.382,-3.554,-0.024,-1.125,1.951,-1.728,0.749,2.287,-0.049,2.331,-1.141,-0.436,-0.188,1
-3.382,-3.554,-0.024,-1.125,1.951,-1.728,0.749,2.287,-0.049,2.331,-1.141,-0.436,-0.188,4.938,0
-3.554,-0.024,-1.125,1.951,-1.728,0.749,2.287,-0.049,2.331,-1.141,-0.436,-0.188,4.938,-3.898,0
-0.024,-1.125,1.951,-1.728,0.749,2.287,-0.049,2.331,-1.141,-0.436,-0.188,4.938,-3.898,-0.975,0
-1.125,1.951,-1.728,0.749,2.287,-0.049,2.331,-1.141,-0.436,-0.188,4.938,-3.898,-0.975,-0.487,0
1.951,-1.728,0.749,2.287,-0.049,2.331,-1.141,-0.436,-0.188,4.938,-3.898,-0.975,-0.487,3.939,0
-1.728,0.749,2.287,-0.049,2.331,-1.141,-0.436,-0.188,4.938,-3.898,-0.975,-0.487,3.939,2.158,1
0.749,2.287,-0.049,2.331,-1.141,-0.436,-0.188,4.938,-3.898,-0.975,-0.487,3.939,2.158,-0.077,0
2.287,-0.049,2.331,-1.141,-0.436,-0.188,4.938,-3.898,-0.975,-0.487,3.939,2.158,-0.077,0.641,0
-0.049,2.331,-1.141,-0.436,-0.188,4.938,-3.898,-0.975,-0.487,3.939,2.158,-0.077,0.641,1.548,1
2.331,-1.141,-0.436,-0.188,4.938,-3.898,-0.975,-0.487,3.939,2.158,-0.077,0.641,1.548,-6.166,0
-1.141,-0.436,-0.188,4.938,-3.898,-0.975,-0.487,3.939,2.158,-0.077,0.641,1.548,-6.166,-1.11,1
-0.436,-0.188,4.938,-3.898,-0.975,-0.487,3.939,2.158,-0.077,0.641,1.548,-6.166,-1.11,-0.89,0
-0.188,4.938,-3.898,-0.975,-0.487,3.939,2.158,-0.077,0.641,1.548,-6.166,-1.11,-0.89,0.799,0
4.938,-3.898,-0.975,-0.487,3.939,2.158,-0.077,0.641,1.548,-6.166,-1.11,-0.89,0.799,-0.122,0
-3.898,-0.975,-0.487,3.939,2.158,-0.077,0.641,1.548,-6.166,-1.11,-0.89,0.799,-0.122,1.072,1
-0.975,-0.487,3.939,2.158,-0.077,0.641,1.548,-6.166,-1.11,-0.89,0.799,-0.122,1.072,1.605,0
-0.487,3.939,2.158,-0.077,0.641,1.548,-6.166,-1.11,-0.89,0.799,-0.122,1.072,1.605,5.794,0
3.939,2.158,-0.077,0.641,1.548,-6.166,-1.11,-0.89,0.799,-0.122,1.072,1.605,5.794,-1.53,0
2.158,-0.077,0.641,1.548,-6.166,-1.11,-0.89,0.799,-0.122,1.072,1.605,5.794,-1.53,1.899,1
-0.077,0.641,1.548,-6.166,-1.11,-0.89,0.799,-0.122,1.072,1.605,5.794,-1.53,1.899,3.14,1
0.641,1.548,-6.166,-1.11,-0.89,0.799,-0.122,1.072,1.605,5.794,-1.53,1.899,3.14,3.457,0
1.548,-6.166,-1.11,-0.89,0.799,-0.122,1.072,1.605,5.794,-1.53,1.899,3.14,3.457,-1.755,0
-6.166,-1.11,-0.89,0.799,-0.122,1.072,1.605,5.794,-1.53,1.899,3.14,3.457,-1.755,-1.213,1
-1.11,-0.89,0.799,-0.122,1.072,1.605,5.794,-1.53,1.899,3.14,3.457,-1.755,-1.213,-3.286,0
-0.89,0.799,-0.122,1.072,1.605,5.794,-1.53,1.899,3.14,3.457,-1.755,-1.213,-3.286,-1.119,0
0.799,-0.122,1.072,1.605,5.794,-1.53,1.899,3.14,3.457,-1.755,-1.213,-3.286,-1.119,-1.318,0
-0.122,1.072,1.605,5.794,-1.53,1.899,3.14,3.457,-1.755,-1.213,-3.286,-1.119,-1.318,-0.999,0
1.072,1.605,5.794,-1.53,1.899,3.14,3.457,-1.755,-1.213,-3.286,-1.119,-1.318,-0.999,0.503,0
1.605,5.794,-1.53,1.899,3.14,3.457,-1.755,-1.213,-3.286,-1.119,-1.318,-0.999,0.503,-1.199,1
5.794,-1.53,1.899,3.14,3.457,-1.755,-1.213,-3.286,-1.119,-1.318,-0.999,0.503,-1.199,0.259,1
-1.53,1.899,3.14,3.457,-1.755,-1.213,-3.286,-1.119,-1.318,-0.999,0.503,-1.199,0.259,2.282,1
1.899,3.14,3.457,-1.755,-1.213,-3.286,-1.119,-1.318,-0.999,0.503,-1.199,0.259,2.282,-0.409,0
3.14,3.457,-1.755,-1.213,-3.286,-1.119,-1.318,-0.999,0.503,-1.199,0.259,2.282,-0.409,1.809,1
3.457,-1.755,-1.213,-3.286,-1.119,-1.318,-0.999,0.503,-1.199,0.259,2.282,-0.409,1.809,0.276,1
-1.755,-1.213,-3.286,-1.119,-1.318,-0.999,0.503,-1.199,0.259,2.282,-0.409,1.809,0.276,0.743,1
-1.213,-3.286,-1.119,-1.318,-0.999,0.503,-1.199,0.259,2.282,-0.409,1.809,0.276,0.743,-5.701,0
-3.286,-1.119,-1.318,-0.999,0.503,-1.199,0.259,2.282,-0.409,1.809,0.276,0.743,-5.701,-2.17,0
-1.119,-1.318,-0.999,0.503,-1.199,0.259,2.282,-0.409,1.809,0.276,0.743,-5.701,-2.17,0.061,0
-1.318,-0.999,0.503,-1.199,0.259,2.282,-0.409,1.809,0.276,0.743,-5.701,-2.17,0.061,1.553,0
-0.999,0.503,-1.199,0.259,2.282,-0.409,1.809,0.276,0.743,-5.701,-2.17,0.061,1.553,-1.472,0
0.503,-1.199,0.259,2.282,-0.409,1.809,0.276,0.743,-5.701,-2.17,0.061,1.553,-1.472,0.446,0
-1.199,0.259,2.282,-0.409,1.809,0.276,0.743,-5.701,-2.17,0.061,1.553,-1.472,0.446,-0.873,0
0.259,2.282,-0.409,1.809,0.276,0.743,-5.701,-2.17,0.061,1.553,-1.472,0.446,-0.873,-2.906,0
2.282,-0.409,1.809,0.276,0.743,-5.701,-2.17,0.061,1.553,-1.472,0.446,-0.873,-2.906,-1.146,0
-0.409,1.809,0.276,0.743,-5.701,-2.17,0.061,1.553,-1.472,0.446,-0.873,-2.906,-1.146,-5.244,1
1.809,0.276,0.743,-5.701,-2.17,0.061,1.553,-1.472,0.446,-0.873,-2.906,-1.146,-5.244,1.182,0
0.276,0.743,-5.701,-2.17,0.061,1.553,-1.472,0.446,-0.873,-2.906,-1.146,-5.244,1.182,-4.281,1
0.743,-5.701,-2.17,0.061,1.553,-1.472,0.446,-0.873,-2.906,-1.146,-5.244,1.182,-4.281,-1.23,0
-5.701,-2.17,0.061,1.553,-1.472,0.446,-0.873,-2.906,-1.146,-5.244,1.182,-4.281,-1.23,0.727,0
-2.17,0.061,1.553,-1.472,0.446,-0.873,-2.906,-1.146,-5.244,1.182,-4.281,-1.23,0.727,-0.797,0
0.061,1.553,-1.472,0.446,-0.873,-2.906,-1.146,-5.244,1.182,-4.281,-1.23,0.727,-0.797,2.626,0
1.553,-1.472,0.446,-0.873,-2.906,-1.146,-5.244,1.182,-4.281,-1.23,0.727,-0.797,2.626,2.475,0
-1.472,0.446,-0.873,-2.906,-1.146,-5.244,1.182,-4.281,-1.23,0.727,-0.797,2.626,2.475,2.015,1
0.446,-0.873,-2.906,-1.146,-5.244,1.182,-4.281,-1.23,0.727,-0.797,2.626,2.475,2.015,-1.924,0
-0.873,-2.906,-1.146,-5.244,1.182,-4.281,-1.23,0.727,-0.797,2.626,2.475,2.015,-1.924,1.724,0
-2.906,-1.146,-5.244,1.182,-4.281,-1.23,0.727,-0.797,2.626,2.475,2.015,-1.924,1.724,-1.009,0
-1.146,-5.244,1.182,-4.281,-1.23,0.727,-0.797,2.626,2.475,2.015,-1.924,1.724,-1.009,1.288,0
-5.244,1.182,-4.281,-1.23,0.727,-0.797,2.626,2.475,2.015,-1.924,1.724,-1.009,1.288,-2.253,0
1.182,-4.281,-1.23,0.727,-0.797,2.626,2.475,2.015,-1.924,1.724,-1.009,1.288,-2.253,3.878,0
-4.281,-1.23,0.727,-0.797,2.626,2.475,2.015,-1.924,1.724,-1.009,1.288,-2.253,3.878,-6.473,1
-1.23,0.727,-0.797,2.626,2.475,2.015,-1.924,1.724,-1.009,1.288,-2.253,3.878,-6.473,-1.047,0
0.727,-0.797,2.626,2.475,2.015,-1.924,1.724,-1.009,1.288,-2.253,3.878,-6.473,-1.047,-0.317,0
-0.797,2.626,2.475,2.015,-1.924,1.724,-1.009,1.288,-2.253,3.878,-6.473,-1.047,-0.317,2.909,0
2.626,2.475,2.015,-1.924,1.724,-1.009,1.288,-2.253,3.878,-6.473,-1.047,-0.317,2.909,3.735,0
2.475,2.015,-1.924,1.724,-1.009,1.288,-2.253,3.878,-6.473,-1.047,-0.317,2.909,3.735,-0.403,1
2.015,-1.924,1.724,-1.009,1.288,-2.253,3.878,-6.473,-1.047,-0.317,2.909,3.735,-0.403,-0.227,1
-1.924,1.724,-1.009,1.288,-2.253,3.878,-6.473,-1.047,-0.317,2.909,3.735,-0.403,-0.227,3.406,1
1.724,-1.009,1.288,-2.253,3.878,-6.473,-1.047,-0.317,2.909,3.735,-0.403,-0.227,3.406,4.425,0
-1.009,1.288,-2.253,3.878,-6.473,-1.047,-0.317,2.909,3.735,-0.403,-0.227,3.406,4.425,0.658,1
1.288,-2.253,3.878,-6.473,-1.047,-0.317,2.909,3.735,-0.403,-0.227,3.406,4.425,0.658,0.244,0
-2.253,3.878,-6.473,-1.047,-0.317,2.909,3.735,-0.403,-0.227,3.406,4.425,0.658,0.244,-0.23,1
3.878,-6.473,-1.047,-0.317,2.909,3.735,-0.403,-0.227,3.406,4.425,0.658,0.244,-0.23,-1.646,0
-6.473,-1.047,-0.317,2.909,3.735,-0.403,-0.227,3.406,4.425,0.658,0.244,-0.23,-1.646,0.451,1
-1.047,-0.317,2.909,3.735,-0.403,-0.227,3.406,4.425,0.658,0.244,-0.23,-1.646,0.451,1.103,0
-0.317,2.909,3.735,-0.403,-0.227,3.406,4.425,0.658,0.244,-0.23,-1.646,0.451,1.103,0.522,0
2.909,3.735,-0.403,-0.227,3.406,4.425,0.658,0.244,-0.23,-1.646,0.451,1.103,0.522,2.369,0
3.735,-0.403,-0.227,3.406,4.425,0.658,0.244,-0.23,-1.646,0.451,1.103,0.522,2.369,-0.549,1
-0.403,-0.227,3.406,4.425,0.658,0.244,-0.23,-1.646,0.451,1.103,0.522,2.369,-0.549,1.089,1
-0.227,3.406,4.425,0.658,0.244,-0.23,-1.646,0.451,1.103,0.522,2.369,-0.549,1.089,-0.444,0
3.406,4.425,0.658,0.244,-0.23,-1.646,0.451,1.103,0.522,2.369,-0.549,1.089,-0.444,0.573,0
4.425,0.658,0.244,-0.23,-1.646,0.451,1.103,0.522,2.369,-0.549,1.089,-0.444,0.573,1.326,1
0.658,0.244,-0.23,-1.646,0.451,1.103,0.522,2.369,-0.549,1.089,-0.444,0.573,1.326,3.95,1
0.244,-0.23,-1.646,0.451,1.103,0.522,2.369,-0.549,1.089,-0.444,0.573,1.326,3.95,-0.06,0
-0.23,-1.646,0.451,1.103,0.522,2.369,-0.549,1.089,-0.444,0.573,1.326,3.95,-0.06,2.357,0
-1.646,0.451,1.103,0.522,2.369,-0.549,1.089,-0.444,0.573,1.326,3.95,-0.06,2.357,-0.32,0
0.451,1.103,0.522,2.369,-0.549,1.089,-0.444,0.573,1.326,3.95,-0.06,2.357,-0.32,-0.905,0
1.103,0.522,2.369,-0.549,1.089,-0.444,0.573,1.326,3.95,-0.06,2.357,-0.32,-0.905,0.632,0
0.522,2.369,-0.549,1.089,-0.444,0.573,1.326,3.95,-0.06,2.357,-0.32,-0.905,0.632,-0.731,1
2.369,-0.549,1.089,-0.444,0.573,1.326,3.95,-0.06,2.357,-0.32,-0.905,0.632,-0.731,0.634,0
-0.549,1.089,-0.444,0.573,1.326,3.95,-0.06,2.357,-0.32,-0.905,0.632,-0.731,0.634,-0.953,1
1.089,-0.444,0.573,1.326,3.95,-0.06,2.357,-0.32,-0.905,0.632,-0.731,0.634,-0.953,-0.212,0
-0.444,0.573,1.326,3.95,-0.06,2.357,-0.32,-0.905,0.632,-0.731,0.634,-0.953,-0.212,1.043,1
0.573,1.326,3.95,-0.06,2.357,-0.32,-0.905,0.632,-0.731,0.634,-0.953,-0.212,1.043,0.193,0
1.326,3.95,-0.06,2.357,-0.32,-0.905,0.632,-0.731,0.634,-0.953,-0.212,1.043,0.193,1.928,0
3.95,-0.06,2.357,-0.32,-0.905,0.632,-0.731,0.634,-0.953,-0.212,1.043,0.193,1.928,2.695,1
-0.06,2.357,-0.32,-0.905,0.632,-0.731,0.634,-0.953,-0.212,1.043,0.193,1.928,2.695,-0.533,1
2.357,-0.32,-0.905,0.632,-0.731,0.634,-0.953,-0.212,1.043,0.193,1.928,2.695,-0.533,0.019,0
-0.32,-0.905,0.632,-0.731,0.634,-0.953,-0.212,1.043,0.193,1.928,2.695,-0.533,0.019,0.269,1
-0.905,0.632,-0.731,0.634,-0.953,-0.212,1.043,0.193,1.928,2.695,-0.533,0.019,0.269,0.225,0
0.632,-0.731,0.634,-0.953,-0.212,1.043,0.193,1.928,2.695,-0.533,0.019,0.269,0.225,-0.707,0
-0.731,0.634,-0.953,-0.212,1.043,0.193,1.928,2.695,-0.533,0.019,0.269,0.225,-0.707,2.688,0
0.634,-0.953,-0.212,1.043,0.193,1.928,2.695,-0.533,0.019,0.269,0.225,-0.707,2.688,-0.41,0
-0.953,-0.212,1.043,0.193,1.928,2.695,-0.533,0.019,0.269,0.225,-0.707,2.688,-0.41,-3.662,0
-0.212,1.043,0.193,1.928,2.695,-0.533,0.019,0.269,0.225,-0.707,2.688,-0.41,-3.662,-2.77,0
1.043,0.193,1.928,2.695,-0.533,0.019,0.269,0.225,-0.707,2.688,-0.41,-3.662,-2.77,-1.482,0
0.193,1.928,2.695,-0.533,0.019,0.269,0.225,-0.707,2.688,-0.41,-3.662,-2.77,-1.482,-0.544,1
1.928,2.695,-0.533,0.019,0.269,0.225,-0.707,2.688,-0.41,-3.662,-2.77,-1.482,-0.544,-0.458,0
2.695,-0.533,0.019,0.269,0.225,-0.707,2.688,-0.41,-3.662,-2.77,-1.482,-0.544,-0.458,9.188,1
-0.533,0.019,0.269,0.225,-0.707,2.688,-0.41,-3.662,-2.77,-1.482,-0.544,-0.458,9.188,-1.242,1
0.019,0.269,0.225,-0.707,2.688,-0.41,-3.662,-2.77,-1.482,-0.544,-0.458,9.188,-1.242,0.776,0
0.269,0.225,-0.707,2.688,-0.41,-3.662,-2.77,-1.482,-0.544,-0.458,9.188,-1.242,0.776,1.838,0
0.225,-0.707,2.688,-0.41,-3.662,-2.77,-1.482,-0.544,-0.458,9.188,-1.242,0.776,1.838,1.879,0
-0.707,2.688,-0.41,-3.662,-2.77,-1.482,-0.544,-0.458,9.188,-1.242,0.776,1.838,1.879,2.808,0
2.688,-0.41,-3.662,-2.77,-1.482,-0.544,-0.458,9.188,-1.242,0.776,1.838,1.879,2.808,0.374,0
-0.41,-3.662,-2.77,-1.482,-0.544,-0.458,9.188,-1.242,0.776,1.838,1.879,2.808,0.374,-1.742,1
-3.662,-2.77,-1.482,-0.544,-0.458,9.188,-1.242,0.776,1.838,1.879,2.808,0.374,-1.742,1.741,0
-2.77,-1.482,-0.544,-0.458,9.188,-1.242,0.776,1.838,1.879,2.808,0.374,-1.742,1.741,1.858,0
-1.482,-0.544,-0.458,9.188,-1.242,0.776,1.838,1.879,2.808,0.374,-1.742,1.741,1.858,1.206,0
-0.544,-0.458,9.188,-1.242,0.776,1.838,1.879,2.808,0.374,-1.742,1.741,1.858,1.206,-5.099,0
-0.458,9.188,-1.242,0.776,1.838,1.879,2.808,0.374,-1.742,1.741,1.858,1.206,-5.099,3.352,0
9.188,-1.242,0.776,1.838,1.879,2.808,0.374,-1.742,1.741,1.858,1.206,-5.099,3.352,-4.962,0
-1.242,0.776,1.838,1.879,2.808,0.374,-1.742,1.741,1.858,1.206,-5.099,3.352,-4.962,-6.137,1
0.776,1.838,1.879,2.808,0.374,-1.742,1.741,1.858,1.206,-5.099,3.352,-4.962,-6.137,6.45,0
1.838,1.879,2.808,0.374,-1.742,1.741,1.858,1.206,-5.099,3.352,-4.962,-6.137,6.45,-1.878,0
1.879,2.808,0.374,-1.742,1.741,1.858,1.206,-5.099,3.352,-4.962,-6.137,6.45,-1.878,-3.09,1
2.808,0.374,-1.742,1.741,1.858,1.206,-5.099,3.352,-4.962,-6.137,6.45,-1.878,-3.09,-0.321,1
0.374,-1.742,1.741,1.858,1.206,-5.099,3.352,-4.962,-6.137,6.45,-1.878,-3.09,-0.321,1.282,1
-1.742,1.741,1.858,1.206,-5.099,3.352,-4.962,-6.137,6.45,-1.878,-3.09,-0.321,1.282,-1.561,0
1.741,1.858,1.206,-5.099,3.352,-4.962,-6.137,6.45,-1.878,-3.09,-0.321,1.282,-1.561,-0.822,0
1.858,1.206,-5.099,3.352,-4.962,-6.137,6.45,-1.878,-3.09,-0.321,1.282,-1.561,-0.822,-0.143,1
1.206,-5.099,3.352,-4.962,-6.137,6.45,-1.878,-3.09,-0.321,1.282,-1.561,-0.822,-0.143,1.795,1
-5.099,3.352,-4.962,-6.137,6.45,-1.878,-3.09,-0.321,1.282,-1.561,-0.822,-0.143,1.795,-1.687,1
3.352,-4.962,-6.137,6.45,-1.878,-3.09,-0.321,1.282,-1.561,-0.822,-0.143,1.795,-1.687,-3.059,0
-4.962,-6.137,6.45,-1.878,-3.09,-0.321,1.282,-1.561,-0.822,-0.143,1.795,-1.687,-3.059,4.555,1
-6.137,6.45,-1.878,-3.09,-0.321,1.282,-1.561,-0.822,-0.143,1.795,-1.687,-3.059,4.555,-1.295,0
6.45,-1.878,-3.09,-0.321,1.282,-1.561,-0.822,-0.143,1.795,-1.687,-3.059,4.555,-1.295,-1.248,0
-1.878,-3.09,-0.321,1.282,-1.561,-0.822,-0.143,1.795,-1.687,-3.059,4.555,-1.295,-1.248,3.244,1
-3.09,-0.321,1.282,-1.561,-0.822,-0.143,1.795,-1.687,-3.059,4.555,-1.295,-1.248,3.244,4.634,0
-0.321,1.282,-1.561,-0.822,-0.143,1.795,-1.687,-3.059,4.555,-1.295,-1.248,3.244,4.634,3.671,0
1.282,-1.561,-0.822,-0.143,1.795,-1.687,-3.059,4.555,-1.295,-1.248,3.244,4.634,3.671,-0.34,0
-1.561,-0.822,-0.143,1.795,-1.687,-3.059,4.555,-1.295,-1.248,3.244,4.634,3.671,-0.34,0.265,1
-0.822,-0.143,1.795,-1.687,-3.059,4.555,-1.295,-1.248,3.244,4.634,3.671,-0.34,0.265,-1.207,0
-0.143,1.795,-1.687,-3.059,4.555,-1.295,-1.248,3.244,4.634,3.671,-0.34,0.265,-1.207,2.878,0
1.795,-1.687,-3.059,4.555,-1.295,-1.248,3.244,4.634,3.671,-0.34,0.265,-1.207,2.878,2.801,0
-1.687,-3.059,4.555,-1.295,-1.248,3.244,4.634,3.671,-0.34,0.265,-1.207,2.878,2.801,-1.032,1
-3.059,4.555,-1.295,-1.248,3.244,4.634,3.671,-0.34,0.265,-1.207,2.878,2.801,-1.032,0.894,0
4.555,-1.295,-1.248,3.244,4.634,3.671,-0.34,0.265,-1.207,2.878,2.801,-1.032,0.894,0.011,0
-1.295,-1.248,3.244,4.634,3.671,-0.34,0.265,-1.207,2.878,2.801,-1.032,0.894,0.011,-0.624,1
-1.248,3.244,4.634,3.671,-0.34,0.265,-1.207,2.878,2.801,-1.032,0.894,0.011,-0.624,5.365,0
3.244,4.634,3.671,-0.34,0.265,-1.207,2.878,2.801,-1.032,0.894,0.011,-0.624,5.365,2.993,0
4.634,3.671,-0.34,0.265,-1.207,2.878,2.801,-1.032,0.894,0.011,-0.624,5.365,2.993,0.124,1
3.671,-0.34,0.265,-1.207,2.878,2.801,-1.032,0.894,0.011,-0.624,5.365,2.993,0.124,3.399,1
-0.34,0.265,-1.207,2.878,2.801,-1.032,0.894,0.011,-0.624,5.365,2.993,0.124,3.399,-0.252,1
0.265,-1.207,2.878,2.801,-1.032,0.894,0.011,-0.624,5.365,2.993,0.124,3.399,-0.252,-5.466,0
-1.207,2.878,2.801,-1.032,0.894,0.011,-0.624,5.365,2.993,0.124,3.399,-0.252,-5.466,-0.437,0
2.878,2.801,-1.032,0.894,0.011,-0.624,5.365,2.993,0.124,3.399,-0.252,-5.466,-0.437,4.507,0
2.801,-1.032,0.894,0.011,-0.624,5.365,2.993,0.124,3.399,-0.252,-5.466,-0.437,4.507,-4.925,1
-1.032,0.894,0.011,-0.624,5.365,2.993,0.124,3.399,-0.252,-5.466,-0.437,4.507,-4.925,0.89,1
0.894,0.011,-0.624,5.365,2.993,0.124,3.399,-0.252,-5.466,-0.437,4.507,-4.925,0.89,-1.935,0
0.011,-0.624,5.365,2.993,0.124,3.399,-0.252,-5.466,-0.437,4.507,-4.925,0.89,-1.935,-3.049,0
-0.624,5.365,2.993,0.124,3.399,-0.252,-5.466,-0.437,4.507,-4.925,0.89,-1.935,-3.049,-2.035,0
5.365,2.993,0.124,3.399,-0.252,-5.466,-0.437,4.507,-4.925,0.89,-1.935,-3.049,-2.035,3.638,0
2.993,0.124,3.399,-0.252,-5.466,-0.437,4.507,-4.925,0.89,-1.935,-3.049,-2.035,3.638,1.817,1
0.124,3.399,-0.252,-5.466,-0.437,4.507,-4.925,0.89,-1.935,-3.049,-2.035,3.638,1.817,3.215,1
3.399,-0.252,-5.466,-0.437,4.507,-4.925,0.89,-1.935,-3.049,-2.035,3.638,1.817,3.215,4.399,0
-0.252,-5.466,-0.437,4.507,-4.925,0.89,-1.935,-3.049,-2.035,3.638,1.817,3.215,4.399,9.979,1
-5.466,-0.437,4.507,-4.925,0.89,-1.935,-3.049,-2.035,3.638,1.817,3.215,4.399,9.979,3.23,0
-0.437,4.507,-4.925,0.89,-1.935,-3.049,-2.035,3.638,1.817,3.215,4.399,9.979,3.23,0.059,0
4.507,-4.925,0.89,-1.935,-3.049,-2.035,3.638,1.817,3.215,4.399,9.979,3.23,0.059,1.301,0
-4.925,0.89,-1.935,-3.049,-2.035,3.638,1.817,3.215,4.399,9.979,3.23,0.059,1.301,-1.819,1
0.89,-1.935,-3.049,-2.035,3.638,1.817,3.215,4.399,9.979,3.23,0.059,1.301,-1.819,0.136,0
-1.935,-3.049,-2.035,3.638,1.817,3.215,4.399,9.979,3.23,0.059,1.301,-1.819,0.136,1.837,0
-3.049,-2.035,3.638,1.817,3.215,4.399,9.979,3.23,0.059,1.301,-1.819,0.136,1.837,2.221,0
-2.035,3.638,1.817,3.215,4.399,9.979,3.23,0.059,1.301,-1.819,0.136,1.837,2.221,1.534,0
3.638,1.817,3.215,4.399,9.979,3.23,0.059,1.301,-1.819,0.136,1.837,2.221,1.534,-1.292,0
1.817,3.215,4.399,9.979,3.23,0.059,1.301,-1.819,0.136,1.837,2.221,1.534,-1.292,0.981,1
3.215,4.399,9.979,3.23,0.059,1.301,-1.819,0.136,1.837,2.221,1.534,-1.292,0.981,2.12,1
4.399,9.979,3.23,0.059,1.301,-1.819,0.136,1.837,2.221,1.534,-1.292,0.981,2.12,0.283,1
9.979,3.23,0.059,1.301,-1.819,0.136,1.837,2.221,1.534,-1.292,0.981,2.12,0.283,1.979,1
3.23,0.059,1.301,-1.819,0.136,1.837,2.221,1.534,-1.292,0.981,2.12,0.283,1.979,4.746,1
0.059,1.301,-1.819,0.136,1.837,2.221,1.534,-1.292,0.981,2.12,0.283,1.979,4.746,-0.389,1
1.301,-1.819,0.136,1.837,2.221,1.534,-1.292,0.981,2.12,0.283,1.979,4.746,-0.389,3.474,0
-1.819,0.136,1.837,2.221,1.534,-1.292,0.981,2.12,0.283,1.979,4.746,-0.389,3.474,-0.81,1
0.136,1.837,2.221,1.534,-1.292,0.981,2.12,0.283,1.979,4.746,-0.389,3.474,-0.81,-1.148,0
1.837,2.221,1.534,-1.292,0.981,2.12,0.283,1.979,4.746,-0.389,3.474,-0.81,-1.148,0.7,0
2.221,1.534,-1.292,0.981,2.12,0.283,1.979,4.746,-0.389,3.474,-0.81,-1.148,0.7,-0.106,1
1.534,-1.292,0.981,2.12,0.283,1.979,4.746,-0.389,3.474,-0.81,-1.148,0.7,-0.106,0.962,1
-1.292,0.981,2.12,0.283,1.979,4.746,-0.389,3.474,-0.81,-1.148,0.7,-0.106,0.962,-1.786,1
0.981,2.12,0.283,1.979,4.746,-0.389,3.474,-0.81,-1.148,0.7,-0.106,0.962,-1.786,0.158,0
2.12,0.283,1.979,4.746,-0.389,3.474,-0.81,-1.148,0.7,-0.106,0.962,-1.786,0.158,0.295,0
0.283,1.979,4.746,-0.389,3.474,-0.81,-1.148,0.7,-0.106,0.962,-1.786,0.158,0.295,0.905,1
1.979,4.746,-0.389,3.474,-0.81,-1.148,0.7,-0.106,0.962,-1.786,0.158,0.295,0.905,1.147,0
4.746,-0.389,3.474,-0.81,-1.148,0.7,-0.106,0.962,-1.786,0.158,0.295,0.905,1.147,-0.263,1
-0.389,3.474,-0.81,-1.148,0.7,-0.106,0.962,-1.786,0.158,0.295,0.905,1.147,-0.263,-1.231,1
3.474,-0.81,-1.148,0.7,-0.106,0.962,-1.786,0.158,0.295,0.905,1.147,-0.263,-1.231,1.803,0
-0.81,-1.148,0.7,-0.106,0.962,-1.786,0.158,0.295,0.905,1.147,-0.263,-1.231,1.803,-0.054,1
-1.148,0.7,-0.106,0.962,-1.786,0.158,0.295,0.905,1.147,-0.263,-1.231,1.803,-0.054,0.592,0
0.7,-0.106,0.962,-1.786,0.158,0.295,0.905,1.147,-0.263,-1.231,1.803,-0.054,0.592,0.092,0
-0.106,0.962,-1.786,0.158,0.295,0.905,1.147,-0.263,-1.231,1.803,-0.054,0.592,0.092,-1.488,0
0.962,-1.786,0.158,0.295,0.905,1.147,-0.263,-1.231,1.803,-0.054,0.592,0.092,-1.488,-0.405,0
-1.786,0.158,0.295,0.905,1.147,-0.263,-1.231,1.803,-0.054,0.592,0.092,-1.488,-0.405,-0.303,0
0.158,0.295,0.905,1.147,-0.263,-1.231,1.803,-0.054,0.592,0.092,-1.488,-0.405,-0.303,-5.538,0
0.295,0.905,1.147,-0.263,-1.231,1.803,-0.054,0.592,0.092,-1.488,-0.405,-0.303,-5.538,2.117,0
0.905,1.147,-0.263,-1.231,1.803,-0.054,0.592,0.092,-1.488,-0.405,-0.303,-5.538,2.117,-0.358,0
1.147,-0.263,-1.231,1.803,-0.054,0.592,0.092,-1.488,-0.405,-0.303,-5.538,2.117,-0.358,-0.29,0
-0.263,-1.231,1.803,-0.054,0.592,0.092,-1.488,-0.405,-0.303,-5.538,2.117,-0.358,-0.29,0.046,1
-1.231,1.803,-0.054,0.592,0.092,-1.488,-0.405,-0.303,-5.538,2.117,-0.358,-0.29,0.046,1.097,0
1.803,-0.054,0.592,0.092,-1.488,-0.405,-0.303,-5.538,2.117,-0.358,-0.29,0.046,1.097,0.466,0
-0.054,0.592,0.092,-1.488,-0.405,-0.303,-5.538,2.117,-0.358,-0.29,0.046,1.097,0.466,-1.182,1
0.592,0.092,-1.488,-0.405,-0.303,-5.538,2.117,-0.358,-0.29,0.046,1.097,0.466,-1.182,1.765,0
0.092,-1.488,-0.405,-0.303,-5.538,2.117,-0.358,-0.29,0.046,1.097,0.466,-1.182,1.765,-1.834,0
-1.488,-0.405,-0.303,-5.538,2.117,-0.358,-0.29,0.046,1.097,0.466,-1.182,1.765,-1.834,0.323,0
-0.405,-0.303,-5.538,2.117,-0.358,-0.29,0.046,1.097,0.466,-1.182,1.765,-1.834,0.323,1.594,0
-0.303,-5.538,2.117,-0.358,-0.29,0.046,1.097,0.466,-1.182,1.765,-1.834,0.323,1.594,-0.97,0
-5.538,2.117,-0.358,-0.29,0.046,1.097,0.466,-1.182,1.765,-1.834,0.323,1.594,-0.97,-1.293,0
2.117,-0.358,-0.29,0.046,1.097,0.466,-1.182,1.765,-1.834,0.323,1.594,-0.97,-1.293,0.281,0
-0.358,-0.29,0.046,1.097,0.466,-1.182,1.765,-1.834,0.323,1.594,-0.97,-1.293,0.281,-2.119,1
-0.29,0.046,1.097,0.466,-1.182,1.765,-1.834,0.323,1.594,-0.97,-1.293,0.281,-2.119,0.06,0
0.046,1.097,0.466,-1.182,1.765,-1.834,0.323,1.594,-0.97,-1.293,0.281,-2.119,0.06,0.346,0
1.097,0.466,-1.182,1.765,-1.834,0.323,1.594,-0.97,-1.293,0.281,-2.119,0.06,0.346,0.667,0
0.466,-1.182,1.765,-1.834,0.323,1.594,-0.97,-1.293,0.281,-2.119,0.06,0.346,0.667,0.799,1
-1.182,1.765,-1.834,0.323,1.594,-0.97,-1.293,0.281,-2.119,0.06,0.346,0.667,0.799,-0.978,0
1.765,-1.834,0.323,1.594,-0.97,-1.293,0.281,-2.119,0.06,0.346,0.667,0.799,-0.978,-0.586,0
-1.834,0.323,1.594,-0.97,-1.293,0.281,-2.119,0.06,0.346,0.667,0.799,-0.978,-0.586,2.218,1
0.323,1.594,-0.97,-1.293,0.281,-2.119,0.06,0.346,0.667,0.799,-0.978,-0.586,2.218,0.743,0
1.594,-0.97,-1.293,0.281,-2.119,0.06,0.346,0.667,0.799,-0.978,-0.586,2.218,0.743,-1.148,0
-0.97,-1.293,0.281,-2.119,0.06,0.346,0.667,0.799,-0.978,-0.586,2.218,0.743,-1.148,1.844,1
-1.293,0.281,-2.119,0.06,0.346,0.667,0.799,-0.978,-0.586,2.218,0.743,-1.148,1.844,-0.87,0
0.281,-2.119,0.06,0.346,0.667,0.799,-0.978,-0.586,2.218,0.743,-1.148,1.844,-0.87,-0.497,0
-2.119,0.06,0.346,0.667,0.799,-0.978,-0.586,2.218,0.743,-1.148,1.844,-0.87,-0.497,-0.21,0
0.06,0.346,0.667,0.799,-0.978,-0.586,2.218,0.743,-1.148,1.844,-0.87,-0.497,-0.21,-1.975,0
0.346,0.667,0.799,-0.978,-0.586,2.218,0.743,-1.148,1.844,-0.87,-0.497,-0.21,-1.975,-1.579,0
0.667,0.799,-0.978,-0.586,2.218,0.743,-1.148,1.844,-0.87,-0.497,-0.21,-1.975,-1.579,1.599,0
0.799,-0.978,-0.586,2.218,0.743,-1.148,1.844,-0.87,-0.497,-0.21,-1.975,-1.579,1.599,1.853,0
-0.978,-0.586,2.218,0.743,-1.148,1.844,-0.87,-0.497,-0.21,-1.975,-1.579,1.599,1.853,0.467,0
-0.586,2.218,0.743,-1.148,1.844,-0.87,-0.497,-0.21,-1.975,-1.579,1.599,1.853,0.467,-0.067,0
2.218,0.743,-1.148,1.844,-0.87,-0.497,-0.21,-1.975,-1.579,1.599,1.853,0.467,-0.067,-0.909,0
0.743,-1.148,1.844,-0.87,-0.497,-0.21,-1.975,-1.579,1.599,1.853,0.467,-0.067,-0.909,-0.581,1
-1.148,1.844,-0.87,-0.497,-0.21,-1.975,-1.579,1.599,1.853,0.467,-0.067,-0.909,-0.581,1.867,0
1.844,-0.87,-0.497,-0.21,-1.975,-1.579,1.599,1.853,0.467,-0.067,-0.909,-0.581,1.867,5.389,0
-0.87,-0.497,-0.21,-1.975,-1.579,1.599,1.853,0.467,-0.067,-0.909,-0.581,1.867,5.389,2.935,1
-0.497,-0.21,-1.975,-1.579,1.599,1.853,0.467,-0.067,-0.909,-0.581,1.867,5.389,2.935,1.232,0
-0.21,-1.975,-1.579,1.599,1.853,0.467,-0.067,-0.909,-0.581,1.867,5.389,2.935,1.232,-2.393,0
-1.975,-1.579,1.599,1.853,0.467,-0.067,-0.909,-0.581,1.867,5.389,2.935,1.232,-2.393,0.36,0
-1.579,1.599,1.853,0.467,-0.067,-0.909,-0.581,1.867,5.389,2.935,1.232,-2.393,0.36,-0.698,0
1.599,1.853,0.467,-0.067,-0.909,-0.581,1.867,5.389,2.935,1.232,-2.393,0.36,-0.698,1.444,0
1.853,0.467,-0.067,-0.909,-0.581,1.867,5.389,2.935,1.232,-2.393,0.36,-0.698,1.444,0.465,1
0.467,-0.067,-0.909,-0.581,1.867,5.389,2.935,1.232,-2.393,0.36,-0.698,1.444,0.465,-4.697,1
-0.067,-0.909,-0.581,1.867,5.389,2.935,1.232,-2.393,0.36,-0.698,1.444,0.465,-4.697,-0.757,0
-0.909,-0.581,1.867,5.389,2.935,1.232,-2.393,0.36,-0.698,1.444,0.465,-4.697,-0.757,1.763,0
-0.581,1.867,5.389,2.935,1.232,-2.393,0.36,-0.698,1.444,0.465,-4.697,-0.757,1.763,-0.092,0
1.867,5.389,2.935,1.232,-2.393,0.36,-0.698,1.444,0.465,-4.697,-0.757,1.763,-0.092,0.574,0
5.389,2.935,1.232,-2.393,0.36,-0.698,1.444,0.465,-4.697,-0.757,1.763,-0.092,0.574,1.245,1
2.935,1.232,-2.393,0.36,-0.698,1.444,0.465,-4.697,-0.757,1.763,-0.092,0.574,1.245,-0.153,1
1.232,-2.393,0.36,-0.698,1.444,0.465,-4.697,-0.757,1.763,-0.092,0.574,1.245,-0.153,-0.55,1
-2.393,0.36,-0.698,1.444,0.465,-4.697,-0.757,1.763,-0.092,0.574,1.245,-0.153,-0.55,-0.816,1
0.36,-0.698,1.444,0.465,-4.697,-0.757,1.763,-0.092,0.574,1.245,-0.153,-0.55,-0.816,1.876,0
-0.698,1.444,0.465,-4.697,-0.757,1.763,-0.092,0.574,1.245,-0.153,-0.55,-0.816,1.876,3.016,0
1.444,0.465,-4.697,-0.757,1.763,-0.092,0.574,1.245,-0.153,-0.55,-0.816,1.876,3.016,-1.441,0
0.465,-4.697,-0.757,1.763,-0.092,0.574,1.245,-0.153,-0.55,-0.816,1.876,3.016,-1.441,-0.139,1
-4.697,-0.757,1.763,-0.092,0.574,1.245,-0.153,-0.55,-0.816,1.876,3.016,-1.441,-0.139,2.71,0
-0.757,1.763,-0.092,0.574,1.245,-0.153,-0.55,-0.816,1.876,3.016,-1.441,-0.139,2.71,-0.126,0
1.763,-0.092,0.574,1.245,-0.153,-0.55,-0.816,1.876,3.016,-1.441,-0.139,2.71,-0.126,0.017,0
-0.092,0.574,1.245,-0.153,-0.55,-0.816,1.876,3.016,-1.441,-0.139,2.71,-0.126,0.017,0.011,1
0.574,1.245,-0.153,-0.55,-0.816,1.876,3.016,-1.441,-0.139,2.71,-0.126,0.017,0.011,3.483,0
1.245,-0.153,-0.55,-0.816,1.876,3.016,-1.441,-0.139,2.71,-0.126,0.017,0.011,3.483,1.011,0
-0.153,-0.55,-0.816,1.876,3.016,-1.441,-0.139,2.71,-0.126,0.017,0.011,3.483,1.011,0.705,1
-0.55,-0.816,1.876,3.016,-1.441,-0.139,2.71,-0.126,0.017,0.011,3.483,1.011,0.705,-1.297,0
-0.816,1.876,3.016,-1.441,-0.139,2.71,-0.126,0.017,0.011,3.483,1.011,0.705,-1.297,-0.55,0
1.876,3.016,-1.441,-0.139,2.71,-0.126,0.017,0.011,3.483,1.011,0.705,-1.297,-0.55,-0.165,0
3.016,-1.441,-0.139,2.71,-0.126,0.017,0.011,3.483,1.011,0.705,-1.297,-0.55,-0.165,1.547,1
-1.441,-0.139,2.71,-0.126,0.017,0.011,3.483,1.011,0.705,-1.297,-0.55,-0.165,1.547,0.132,1
-0.139,2.71,-0.126,0.017,0.011,3.483,1.011,0.705,-1.297,-0.55,-0.165,1.547,0.132,0.271,0
2.71,-0.126,0.017,0.011,3.483,1.011,0.705,-1.297,-0.55,-0.165,1.547,0.132,0.271,-2.289,0
-0.126,0.017,0.011,3.483,1.011,0.705,-1.297,-0.55,-0.165,1.547,0.132,0.271,-2.289,0.878,1
0.017,0.011,3.483,1.011,0.705,-1.297,-0.55,-0.165,1.547,0.132,0.271,-2.289,0.878,-1.462,0
0.011,3.483,1.011,0.705,-1.297,-0.55,-0.165,1.547,0.132,0.271,-2.289,0.878,-1.462,-0.233,0
3.483,1.011,0.705,-1.297,-0.55,-0.165,1.547,0.132,0.271,-2.289,0.878,-1.462,-0.233,1.336,0
1.011,0.705,-1.297,-0.55,-0.165,1.547,0.132,0.271,-2.289,0.878,-1.462,-0.233,1.336,-3.777,1
0.705,-1.297,-0.55,-0.165,1.547,0.132,0.271,-2.289,0.878,-1.462,-0.233,1.336,-3.777,-1.447,1
-1.297,-0.55,-0.165,1.547,0.132,0.271,-2.289,0.878,-1.462,-0.233,1.336,-3.777,-1.447,-1.638,0
-0.55,-0.165,1.547,0.132,0.271,-2.289,0.878,-1.462,-0.233,1.336,-3.777,-1.447,-1.638,0.588,0
-0.165,1.547,0.132,0.271,-2.289,0.878,-1.462,-0.233,1.336,-3.777,-1.447,-1.638,0.588,0.58,0
1.547,0.132,0.271,-2.289,0.878,-1.462,-0.233,1.336,-3.777,-1.447,-1.638,0.588,0.58,-0.835,0
0.132,0.271,-2.289,0.878,-1.462,-0.233,1.336,-3.777,-1.447,-1.638,0.588,0.58,-0.835,-0.709,1
0.271,-2.289,0.878,-1.462,-0.233,1.336,-3.777,-1.447,-1.638,0.588,0.58,-0.835,-0.709,0.204,0
-2.289,0.878,-1.462,-0.233,1.336,-3.777,-1.447,-1.638,0.588,0.58,-0.835,-0.709,0.204,-1.293,0
0.878,-1.462,-0.233,1.336,-3.777,-1.447,-1.638,0.588,0.58,-0.835,-0.709,0.204,-1.293,0.744,0
-1.462,-0.233,1.336,-3.777,-1.447,-1.638,0.588,0.58,-0.835,-0.709,0.204,-1.293,0.744,-3.385,0
-0.233,1.336,-3.777,-1.447,-1.638,0.588,0.58,-0.835,-0.709,0.204,-1.293,0.744,-3.385,1.129,0
1.336,-3.777,-1.447,-1.638,0.588,0.58,-0.835,-0.709,0.204,-1.293,0.744,-3.385,1.129,-0.5,0
-3.777,-1.447,-1.638,0.588,0.58,-0.835,-0.709,0.204,-1.293,0.744,-3.385,1.129,-0.5,-0.334,1
-1.447,-1.638,0.588,0.58,-0.835,-0.709,0.204,-1.293,0.744,-3.385,1.129,-0.5,-0.334,2.691,0
-1.638,0.588,0.58,-0.835,-0.709,0.204,-1.293,0.744,-3.385,1.129,-0.5,-0.334,2.691,-0.141,0
0.588,0.58,-0.835,-0.709,0.204,-1.293,0.744,-3.385,1.129,-0.5,-0.334,2.691,-0.141,0.142,0
0.58,-0.835,-0.709,0.204,-1.293,0.744,-3.385,1.129,-0.5,-0.334,2.691,-0.141,0.142,13.544,0
-0.835,-0.709,0.204,-1.293,0.744,-3.385,1.129,-0.5,-0.334,2.691,-0.141,0.142,13.544,0.36,0
-0.709,0.204,-1.293,0.744,-3.385,1.129,-0.5,-0.334,2.691,-0.141,0.142,13.544,0.36,1.839,0
0.204,-1.293,0.744,-3.385,1.129,-0.5,-0.334,2.691,-0.141,0.142,13.544,0.36,1.839,-0.34,0
-1.293,0.744,-3.385,1.129,-0.5,-0.334,2.691,-0.141,0.142,13.544,0.36,1.839,-0.34,2.864,0
0.744,-3.385,1.129,-0.5,-0.334,2.691,-0.141,0.142,13.544,0.36,1.839,-0.34,2.864,1.087,0
-3.385,1.129,-0.5,-0.334,2.691,-0.141,0.142,13.544,0.36,1.839,-0.34,2.864,1.087,1.658,0
1.129,-0.5,-0.334,2.691,-0.141,0.142,13.544,0.36,1.839,-0.34,2.864,1.087,1.658,2.687,0
-0.5,-0.334,2.691,-0.141,0.142,13.544,0.36,1.839,-0.34,2.864,1.087,1.658,2.687,-0.921,1
-0.334,2.691,-0.141,0.142,13.544,0.36,1.839,-0.34,2.864,1.087,1.658,2.687,-0.921,0.985,0
2.691,-0.141,0.142,13.544,0.36,1.839,-0.34,2.864,1.087,1.658,2.687,-0.921,0.985,-2.169,0
-0.141,0.142,13.544,0.36,1.839,-0.34,2.864,1.087,1.658,2.687,-0.921,0.985,-2.169,-0.453,1
0.142,13.544,0.36,1.839,-0.34,2.864,1.087,1.658,2.687,-0.921,0.985,-2.169,-0.453,-2.164,0
13.544,0.36,1.839,-0.34,2.864,1.087,1.658,2.687,-0.921,0.985,-2.169,-0.453,-2.164,1.576,0
0.36,1.839,-0.34,2.864,1.087,1.658,2.687,-0.921,0.985,-2.169,-0.453,-2.164,1.576,-4.108,1
1.839,-0.34,2.864,1.087,1.658,2.687,-0.921,0.985,-2.169,-0.453,-2.164,1.576,-4.108,-0.329,0
-0.34,2.864,1.087,1.658,2.687,-0.921,0.985,-2.169,-0.453,-2.164,1.576,-4.108,-0.329,2.021,1
2.864,1.087,1.658,2.687,-0.921,0.985,-2.169,-0.453,-2.164,1.576,-4.108,-0.329,2.021,-0.09,0
1.087,1.658,2.687,-0.921,0.985,-2.169,-0.453,-2.164,1.576,-4.108,-0.329,2.021,-0.09,1.96,1
1.658,2.687,-0.921,0.985,-2.169,-0.453,-2.164,1.576,-4.108,-0.329,2.021,-0.09,1.96,-0.88,1
2.687,-0.921,0.985,-2.169,-0.453,-2.164,1.576,-4.108,-0.329,2.021,-0.09,1.96,-0.88,0.669,1
-0.921,0.985,-2.169,-0.453,-2.164,1.576,-4.108,-0.329,2.021,-0.09,1.96,-0.88,0.669,0.409,1
0.985,-2.169,-0.453,-2.164,1.576,-4.108,-0.329,2.021,-0.09,1.96,-0.88,0.669,0.409,-0.289,0
-2.169,-0.453,-2.164,1.576,-4.108,-0.329,2.021,-0.09,1.96,-0.88,0.669,0.409,-0.289,-0.34,0
-0.453,-2.164,1.576,-4.108,-0.329,2.021,-0.09,1.96,-0.88,0.669,0.409,-0.289,-0.34,0.845,0
-2.164,1.576,-4.108,-0.329,2.021,-0.09,1.96,-0.88,0.669,0.409,-0.289,-0.34,0.845,-4.17,0
1.576,-4.108,-0.329,2.021,-0.09,1.96,-0.88,0.669,0.409,-0.289,-0.34,0.845,-4.17,-4.732,0
-4.108,-0.329,2.021,-0.09,1.96,-0.88,0.669,0.409,-0.289,-0.34,0.845,-4.17,-4.732,0.163,1
-0.329,2.021,-0.09,1.96,-0.88,0.669,0.409,-0.289,-0.34,0.845,-4.17,-4.732,0.163,0.266,0
2.021,-0.09,1.96,-0.88,0.669,0.409,-0.289,-0.34,0.845,-4.17,-4.732,0.163,0.266,0.067,0
-0.09,1.96,-0.88,0.669,0.409,-0.289,-0.34,0.845,-4.17,-4.732,0.163,0.266,0.067,-0.073,1
1.96,-0.88,0.669,0.409,-0.289,-0.34,0.845,-4.17,-4.732,0.163,0.266,0.067,-0.073,1.344,0
-0.88,0.669,0.409,-0.289,-0.34,0.845,-4.17,-4.732,0.163,0.266,0.067,-0.073,1.344,-0.049,1
0.669,0.409,-0.289,-0.34,0.845,-4.17,-4.732,0.163,0.266,0.067,-0.073,1.344,-0.049,-0.092,0
0.409,-0.289,-0.34,0.845,-4.17,-4.732,0.163,0.266,0.067,-0.073,1.344,-0.049,-0.092,0.486,0
-0.289,-0.34,0.845,-4.17,-4.732,0.163,0.266,0.067,-0.073,1.344,-0.049,-0.092,0.486,-0.38,0
-0.34,0.845,-4.17,-4.732,0.163,0.266,0.067,-0.073,1.344,-0.049,-0.092,0.486,-0.38,3.36,0
0.845,-4.17,-4.732,0.163,0.266,0.067,-0.073,1.344,-0.049,-0.092,0.486,-0.38,3.36,-0.127,0
-4.17,-4.732,0.163,0.266,0.067,-0.073,1.344,-0.049,-0.092,0.486,-0.38,3.36,-0.127,0.503,0
-4.732,0.163,0.266,0.067,-0.073,1.344,-0.049,-0.092,0.486,-0.38,3.36,-0.127,0.503,0.089,0
0.163,0.266,0.067,-0.073,1.344,-0.049,-0.092,0.486,-0.38,3.36,-0.127,0.503,0.089,0.848,0
0.266,0.067,-0.073,1.344,-0.049,-0.092,0.486,-0.38,3.36,-0.127,0.503,0.089,0.848,1.632,0
0.067,-0.073,1.344,-0.049,-0.092,0.486,-0.38,3.36,-0.127,0.503,0.089,0.848,1.632,-3.896,0
-0.073,1.344,-0.049,-0.092,0.486,-0.38,3.36,-0.127,0.503,0.089,0.848,1.632,-3.896,-0.381,0
1.344,-0.049,-0.092,0.486,-0.38,3.36,-0.127,0.503,0.089,0.848,1.632,-3.896,-0.381,-0.491,0
-0.049,-0.092,0.486,-0.38,3.36,-0.127,0.503,0.089,0.848,1.632,-3.896,-0.381,-0.491,1.432,1
-0.092,0.486,-0.38,3.36,-0.127,0.503,0.089,0.848,1.632,-3.896,-0.381,-0.491,1.432,-1.086,0
0.486,-0.38,3.36,-0.127,0.503,0.089,0.848,1.632,-3.896,-0.381,-0.491,1.432,-1.086,1.791,0
-0.38,3.36,-0.127,0.503,0.089,0.848,1.632,-3.896,-0.381,-0.491,1.432,-1.086,1.791,0.691,0
3.36,-0.127,0.503,0.089,0.848,1.632,-3.896,-0.381,-0.491,1.432,-1.086,1.791,0.691,-0.14,0
-0.127,0.503,0.089,0.848,1.632,-3.896,-0.381,-0.491,1.432,-1.086,1.791,0.691,-0.14,-0.413,1
0.503,0.089,0.848,1.632,-3.896,-0.381,-0.491,1.432,-1.086,1.791,0.691,-0.14,-0.413,1.067,0
0.089,0.848,1.632,-3.896,-0.381,-0.491,1.432,-1.086,1.791,0.691,-0.14,-0.413,1.067,-0.55,0
0.848,1.632,-3.896,-0.381,-0.491,1.432,-1.086,1.791,0.691,-0.14,-0.413,1.067,-0.55,0.708,0
1.632,-3.896,-0.381,-0.491,1.432,-1.086,1.791,0.691,-0.14,-0.413,1.067,-0.55,0.708,2.07,0
-3.896,-0.381,-0.491,1.432,-1.086,1.791,0.691,-0.14,-0.413,1.067,-0.55,0.708,2.07,-0.575,1
-0.381,-0.491,1.432,-1.086,1.791,0.691,-0.14,-0.413,1.067,-0.55,0.708,2.07,-0.575,1.938,0
-0.491,1.432,-1.086,1.791,0.691,-0.14,-0.413,1.067,-0.55,0.708,2.07,-0.575,1.938,-1.308,0
1.432,-1.086,1.791,0.691,-0.14,-0.413,1.067,-0.55,0.708,2.07,-0.575,1.938,-1.308,5.792,0
-1.086,1.791,0.691,-0.14,-0.413,1.067,-0.55,0.708,2.07,-0.575,1.938,-1.308,5.792,0.672,1
1.791,0.691,-0.14,-0.413,1.067,-0.55,0.708,2.07,-0.575,1.938,-1.308,5.792,0.672,1.197,0
0.691,-0.14,-0.413,1.067,-0.55,0.708,2.07,-0.575,1.938,-1.308,5.792,0.672,1.197,1.016,1
-0.14,-0.413,1.067,-0.55,0.708,2.07,-0.575,1.938,-1.308,5.792,0.672,1.197,1.016,-2.511,0
-0.413,1.067,-0.55,0.708,2.07,-0.575,1.938,-1.308,5.792,0.672,1.197,1.016,-2.511,-2.642,0
1.067,-0.55,0.708,2.07,-0.575,1.938,-1.308,5.792,0.672,1.197,1.016,-2.511,-2.642,3.03,0
-0.55,0.708,2.07,-0.575,1.938,-1.308,5.792,0.672,1.197,1.016,-2.511,-2.642,3.03,-0.633,1
0.708,2.07,-0.575,1.938,-1.308,5.792,0.672,1.197,1.016,-2.511,-2.642,3.03,-0.633,-0.36,0
2.07,-0.575,1.938,-1.308,5.792,0.672,1.197,1.016,-2.511,-2.642,3.03,-0.633,-0.36,0.348,0
-0.575,1.938,-1.308,5.792,0.672,1.197,1.016,-2.511,-2.642,3.03,-0.633,-0.36,0.348,0.517,1
1.938,-1.308,5.792,0.672,1.197,1.016,-2.511,-2.642,3.03,-0.633,-0.36,0.348,0.517,-0.438,0
-1.308,5.792,0.672,1.197,1.016,-2.511,-2.642,3.03,-0.633,-0.36,0.348,0.517,-0.438,0.084,1
5.792,0.672,1.197,1.016,-2.511,-2.642,3.03,-0.633,-0.36,0.348,0.517,-0.438,0.084,-1.292,0
0.672,1.197,1.016,-2.511,-2.642,3.03,-0.633,-0.36,0.348,0.517,-0.438,0.084,-1.292,-0.967,1
1.197,1.016,-2.511,-2.642,3.03,-0.633,-0.36,0.348,0.517,-0.438,0.084,-1.292,-0.967,-0.602,0
1.016,-2.511,-2.642,3.03,-0.633,-0.36,0.348,0.517,-0.438,0.084,-1.292,-0.967,-0.602,-0.169,1
-2.511,-2.642,3.03,-0.633,-0.36,0.348,0.517,-0.438,0.084,-1.292,-0.967,-0.602,-0.169,1.086,1
-2.642,3.03,-0.633,-0.36,0.348,0.517,-0.438,0.084,-1.292,-0.967,-0.602,-0.169,1.086,0.896,0
3.03,-0.633,-0.36,0.348,0.517,-0.438,0.084,-1.292,-0.967,-0.602,-0.169,1.086,0.896,0.771,0
-0.633,-0.36,0.348,0.517,-0.438,0.084,-1.292,-0.967,-0.602,-0.169,1.086,0.896,0.771,1.436,1
-0.36,0.348,0.517,-0.438,0.084,-1.292,-0.967,-0.602,-0.169,1.086,0.896,0.771,1.436,0.127,0
0.348,0.517,-0.438,0.084,-1.292,-0.967,-0.602,-0.169,1.086,0.896,0.771,1.436,0.127,-0.568,0
0.517,-0.438,0.084,-1.292,-0.967,-0.602,-0.169,1.086,0.896,0.771,1.436,0.127,-0.568,0.161,0
-0.438,0.084,-1.292,-0.967,-0.602,-0.169,1.086,0.896,0.771,1.436,0.127,-0.568,0.161,-2.338,0
0.084,-1.292,-0.967,-0.602,-0.169,1.086,0.896,0.771,1.436,0.127,-0.568,0.161,-2.338,0.496,0
-1.292,-0.967,-0.602,-0.169,1.086,0.896,0.771,1.436,0.127,-0.568,0.161,-2.338,0.496,0.499,0
-0.967,-0.602,-0.169,1.086,0.896,0.771,1.436,0.127,-0.568,0.161,-2.338,0.496,0.499,-0.592,0
-0.602,-0.169,1.086,0.896,0.771,1.436,0.127,-0.568,0.161,-2.338,0.496,0.499,-0.592,1.439,0
-0.169,1.086,0.896,0.771,1.436,0.127,-0.568,0.161,-2.338,0.496,0.499,-0.592,1.439,-0.23,0
1.086,0.896,0.771,1.436,0.127,-0.568,0.161,-2.338,0.496,0.499,-0.592,1.439,-0.23,1.867,0
0.896,0.771,1.436,0.127,-0.568,0.161,-2.338,0.496,0.499,-0.592,1.439,-0.23,1.867,0.256,1
0.771,1.436,0.127,-0.568,0.161,-2.338,0.496,0.499,-0.592,1.439,-0.23,1.867,0.256,0.15,0
1.436,0.127,-0.568,0.161,-2.338,0.496,0.499,-0.592,1.439,-0.23,1.867,0.256,0.15,-0.785,0
0.127,-0.568,0.161,-2.338,0.496,0.499,-0.592,1.439,-0.23,1.867,0.256,0.15,-0.785,-0.359,1
-0.568,0.161,-2.338,0.496,0.499,-0.592,1.439,-0.23,1.867,0.256,0.15,-0.785,-0.359,2.012,0
0.161,-2.338,0.496,0.499,-0.592,1.439,-0.23,1.867,0.256,0.15,-0.785,-0.359,2.012,-0.28,0
-2.338,0.496,0.499,-0.592,1.439,-0.23,1.867,0.256,0.15,-0.785,-0.359,2.012,-0.28,-2.187,0
0.496,0.499,-0.592,1.439,-0.23,1.867,0.256,0.15,-0.785,-0.359,2.012,-0.28,-2.187,0.366,0
0.499,-0.592,1.439,-0.23,1.867,0.256,0.15,-0.785,-0.359,2.012,-0.28,-2.187,0.366,-0.893,0
-0.592,1.439,-0.23,1.867,0.256,0.15,-0.785,-0.359,2.012,-0.28,-2.187,0.366,-0.893,0.112,0
1.439,-0.23,1.867,0.256,0.15,-0.785,-0.359,2.012,-0.28,-2.187,0.366,-0.893,0.112,0.329,0
-0.23,1.867,0.256,0.15,-0.785,-0.359,2.012,-0.28,-2.187,0.366,-0.893,0.112,0.329,-0.751,1
1.867,0.256,0.15,-0.785,-0.359,2.012,-0.28,-2.187,0.366,-0.893,0.112,0.329,-0.751,0.884,0
0.256,0.15,-0.785,-0.359,2.012,-0.28,-2.187,0.366,-0.893,0.112,0.329,-0.751,0.884,0.267,1
0.15,-0.785,-0.359,2.012,-0.28,-2.187,0.366,-0.893,0.112,0.329,-0.751,0.884,0.267,0.148,0
-0.785,-0.359,2.012,-0.28,-2.187,0.366,-0.893,0.112,0.329,-0.751,0.884,0.267,0.148,-0.183,0
-0.359,2.012,-0.28,-2.187,0.366,-0.893,0.112,0.329,-0.751,0.884,0.267,0.148,-0.183,1.03,0
2.012,-0.28,-2.187,0.366,-0.893,0.112,0.329,-0.751,0.884,0.267,0.148,-0.183,1.03,-1.662,0
-0.28,-2.187,0.366,-0.893,0.112,0.329,-0.751,0.884,0.267,0.148,-0.183,1.03,-1.662,-1.119,1
-2.187,0.366,-0.893,0.112,0.329,-0.751,0.884,0.267,0.148,-0.183,1.03,-1.662,-1.119,0.472,0
0.366,-0.893,0.112,0.329,-0.751,0.884,0.267,0.148,-0.183,1.03,-1.662,-1.119,0.472,-0.415,0
-0.893,0.112,0.329,-0.751,0.884,0.267,0.148,-0.183,1.03,-1.662,-1.119,0.472,-0.415,0.514,0
0.112,0.329,-0.751,0.884,0.267,0.148,-0.183,1.03,-1.662,-1.119,0.472,-0.415,0.514,2.149,0
0.329,-0.751,0.884,0.267,0.148,-0.183,1.03,-1.662,-1.119,0.472,-0.415,0.514,2.149,0.513,0
-0.751,0.884,0.267,0.148,-0.183,1.03,-1.662,-1.119,0.472,-0.415,0.514,2.149,0.513,0.754,0
0.884,0.267,0.148,-0.183,1.03,-1.662,-1.119,0.472,-0.415,0.514,2.149,0.513,0.754,-1.122,0
0.267,0.148,-0.183,1.03,-1.662,-1.119,0.472,-0.415,0.514,2.149,0.513,0.754,-1.122,0.05,0
0.148,-0.183,1.03,-1.662,-1.119,0.472,-0.415,0.514,2.149,0.513,0.754,-1.122,0.05,-0.361,0
-0.183,1.03,-1.662,-1.119,0.472,-0.415,0.514,2.149,0.513,0.754,-1.122,0.05,-0.361,-0.863,0
1.03,-1.662,-1.119,0.472,-0.415,0.514,2.149,0.513,0.754,-1.122,0.05,-0.361,-0.863,2.512,0
-1.662,-1.119,0.472,-0.415,0.514,2.149,0.513,0.754,-1.122,0.05,-0.361,-0.863,2.512,-0.401,1
-1.119,0.472,-0.415,0.514,2.149,0.513,0.754,-1.122,0.05,-0.361,-0.863,2.512,-0.401,-0.421,0
0.472,-0.415,0.514,2.149,0.513,0.754,-1.122,0.05,-0.361,-0.863,2.512,-0.401,-0.421,1.98,0
-0.415,0.514,2.149,0.513,0.754,-1.122,0.05,-0.361,-0.863,2.512,-0.401,-0.421,1.98,-0.873,0
0.514,2.149,0.513,0.754,-1.122,0.05,-0.361,-0.863,2.512,-0.401,-0.421,1.98,-0.873,0.137,0
2.149,0.513,0.754,-1.122,0.05,-0.361,-0.863,2.512,-0.401,-0.421,1.98,-0.873,0.137,3.865,0
0.513,0.754,-1.122,0.05,-0.361,-0.863,2.512,-0.401,-0.421,1.98,-0.873,0.137,3.865,0.278,1
0.754,-1.122,0.05,-0.361,-0.863,2.512,-0.401,-0.421,1.98,-0.873,0.137,3.865,0.278,-0.606,0
-1.122,0.05,-0.361,-0.863,2.512,-0.401,-0.421,1.98,-0.873,0.137,3.865,0.278,-0.606,3.499,0
0.05,-0.361,-0.863,2.512,-0.401,-0.421,1.98,-0.873,0.137,3.865,0.278,-0.606,3.499,-1.011,0
-0.361,-0.863,2.512,-0.401,-0.421,1.98,-0.873,0.137,3.865,0.278,-0.606,3.499,-1.011,0.47,0
-0.863,2.512,-0.401,-0.421,1.98,-0.873,0.137,3.865,0.278,-0.606,3.499,-1.011,0.47,-0.809,0
2.512,-0.401,-0.421,1.98,-0.873,0.137,3.865,0.278,-0.606,3.499,-1.011,0.47,-0.809,-0.092,0
-0.401,-0.421,1.98,-0.873,0.137,3.865,0.278,-0.606,3.499,-1.011,0.47,-0.809,-0.092,-0.561,1
-0.421,1.98,-0.873,0.137,3.865,0.278,-0.606,3.499,-1.011,0.47,-0.809,-0.092,-0.561,1.855,0
1.98,-0.873,0.137,3.865,0.278,-0.606,3.499,-1.011,0.47,-0.809,-0.092,-0.561,1.855,1.506,0
-0.873,0.137,3.865,0.278,-0.606,3.499,-1.011,0.47,-0.809,-0.092,-0.561,1.855,1.506,2.981,1
0.137,3.865,0.278,-0.606,3.499,-1.011,0.47,-0.809,-0.092,-0.561,1.855,1.506,2.981,-1.221,0
3.865,0.278,-0.606,3.499,-1.011,0.47,-0.809,-0.092,-0.561,1.855,1.506,2.981,-1.221,0.202,0
0.278,-0.606,3.499,-1.011,0.47,-0.809,-0.092,-0.561,1.855,1.506,2.981,-1.221,0.202,0.747,1
-0.606,3.499,-1.011,0.47,-0.809,-0.092,-0.561,1.855,1.506,2.981,-1.221,0.202,0.747,8.462,0
3.499,-1.011,0.47,-0.809,-0.092,-0.561,1.855,1.506,2.981,-1.221,0.202,0.747,8.462,-5.077,0
-1.011,0.47,-0.809,-0.092,-0.561,1.855,1.506,2.981,-1.221,0.202,0.747,8.462,-5.077,-5.446,1
0.47,-0.809,-0.092,-0.561,1.855,1.506,2.981,-1.221,0.202,0.747,8.462,-5.077,-5.446,-2.32,0
-0.809,-0.092,-0.561,1.855,1.506,2.981,-1.221,0.202,0.747,8.462,-5.077,-5.446,-2.32,-1.539,0
-0.092,-0.561,1.855,1.506,2.981,-1.221,0.202,0.747,8.462,-5.077,-5.446,-2.32,-1.539,3.097,0
-0.561,1.855,1.506,2.981,-1.221,0.202,0.747,8.462,-5.077,-5.446,-2.32,-1.539,3.097,-1.514,0
1.855,1.506,2.981,-1.221,0.202,0.747,8.462,-5.077,-5.446,-2.32,-1.539,3.097,-1.514,-3.326,0
1.506,2.981,-1.221,0.202,0.747,8.462,-5.077,-5.446,-2.32,-1.539,3.097,-1.514,-3.326,0.415,1
2.981,-1.221,0.202,0.747,8.462,-5.077,-5.446,-2.32,-1.539,3.097,-1.514,-3.326,0.415,3.603,1
